0,0.1.png
0,0.3.png
0,0.4.png
0,0.5.png
0,0.7.png
0,0.8.png
0,0.9.png
0,0.10.png
0,0.12.png
0,0.14.png
0,0.15.png
0,0.16.png
0,0.17.png
0,0.18.png
0,0.19.png
0,0.20.png
0,0.21.png
0,0.22.png
0,0.23.png
0,0.24.png
0,0.26.png
0,0.27.png
0,0.28.png
0,0.30.png
0,0.31.png
0,0.32.png
0,0.34.png
0,0.35.png
0,0.37.png
0,0.38.png
0,0.39.png
0,0.40.png
0,0.41.png
0,0.42.png
0,0.43.png
0,0.44.png
0,0.45.png
0,0.46.png
0,0.47.png
0,0.50.png
0,0.54.png
0,0.55.png
0,0.56.png
0,0.57.png
0,0.59.png
0,0.60.png
0,0.61.png
0,0.62.png
0,0.63.png
0,0.64.png
0,0.66.png
0,0.67.png
0,0.68.png
0,0.69.png
0,0.71.png
0,0.72.png
0,0.73.png
0,0.74.png
0,0.75.png
0,0.76.png
0,0.79.png
0,0.80.png
0,0.81.png
0,0.82.png
0,0.83.png
0,0.84.png
0,0.85.png
0,0.87.png
0,0.89.png
0,0.90.png
0,0.92.png
0,0.93.png
0,0.94.png
0,0.95.png
0,0.97.png
0,0.98.png
0,0.99.png
1,1.0.png
1,1.1.png
1,1.2.png
1,1.3.png
1,1.4.png
1,1.6.png
1,1.8.png
1,1.9.png
1,1.10.png
1,1.11.png
1,1.14.png
1,1.19.png
1,1.21.png
1,1.23.png
1,1.24.png
1,1.25.png
1,1.26.png
1,1.27.png
1,1.28.png
1,1.29.png
1,1.30.png
1,1.31.png
1,1.33.png
1,1.34.png
1,1.36.png
1,1.38.png
1,1.39.png
1,1.40.png
1,1.42.png
1,1.43.png
1,1.44.png
1,1.45.png
1,1.46.png
1,1.47.png
1,1.48.png
1,1.49.png
1,1.50.png
1,1.51.png
1,1.52.png
1,1.53.png
1,1.54.png
1,1.56.png
1,1.58.png
1,1.60.png
1,1.62.png
1,1.63.png
1,1.64.png
1,1.65.png
1,1.66.png
1,1.67.png
1,1.68.png
1,1.71.png
1,1.72.png
1,1.73.png
1,1.74.png
1,1.75.png
1,1.76.png
1,1.77.png
1,1.79.png
1,1.80.png
1,1.81.png
1,1.82.png
1,1.85.png
1,1.86.png
1,1.87.png
1,1.89.png
1,1.90.png
1,1.94.png
1,1.95.png
1,1.96.png
1,1.97.png
1,1.98.png
1,1.99.png
2,2.0.png
2,2.1.png
2,2.2.png
2,2.5.png
2,2.6.png
2,2.7.png
2,2.8.png
2,2.9.png
2,2.10.png
2,2.11.png
2,2.13.png
2,2.14.png
2,2.15.png
2,2.16.png
2,2.18.png
2,2.19.png
2,2.20.png
2,2.23.png
2,2.24.png
2,2.25.png
2,2.26.png
2,2.27.png
2,2.28.png
2,2.31.png
2,2.34.png
2,2.36.png
2,2.37.png
2,2.38.png
2,2.39.png
2,2.40.png
2,2.41.png
2,2.43.png
2,2.44.png
2,2.46.png
2,2.48.png
2,2.49.png
2,2.50.png
2,2.51.png
2,2.52.png
2,2.54.png
2,2.55.png
2,2.56.png
2,2.58.png
2,2.59.png
2,2.60.png
2,2.61.png
2,2.62.png
2,2.63.png
2,2.64.png
2,2.65.png
2,2.66.png
2,2.68.png
2,2.69.png
2,2.70.png
2,2.73.png
2,2.74.png
2,2.76.png
2,2.77.png
2,2.78.png
2,2.79.png
2,2.80.png
2,2.81.png
2,2.83.png
2,2.84.png
2,2.85.png
2,2.86.png
2,2.88.png
2,2.90.png
2,2.91.png
2,2.92.png
2,2.93.png
2,2.94.png
2,2.95.png
2,2.97.png
2,2.98.png
2,2.99.png
3,3.1.png
3,3.2.png
3,3.3.png
3,3.4.png
3,3.5.png
3,3.6.png
3,3.8.png
3,3.9.png
3,3.10.png
3,3.11.png
3,3.12.png
3,3.13.png
3,3.14.png
3,3.15.png
3,3.16.png
3,3.17.png
3,3.19.png
3,3.20.png
3,3.21.png
3,3.23.png
3,3.24.png
3,3.26.png
3,3.28.png
3,3.31.png
3,3.32.png
3,3.33.png
3,3.34.png
3,3.35.png
3,3.36.png
3,3.37.png
3,3.38.png
3,3.39.png
3,3.42.png
3,3.43.png
3,3.46.png
3,3.48.png
3,3.50.png
3,3.52.png
3,3.54.png
3,3.55.png
3,3.56.png
3,3.57.png
3,3.58.png
3,3.60.png
3,3.61.png
3,3.64.png
3,3.66.png
3,3.68.png
3,3.69.png
3,3.70.png
3,3.71.png
3,3.72.png
3,3.73.png
3,3.74.png
3,3.76.png
3,3.77.png
3,3.78.png
3,3.80.png
3,3.81.png
3,3.82.png
3,3.83.png
3,3.84.png
3,3.85.png
3,3.87.png
3,3.88.png
3,3.89.png
3,3.90.png
3,3.91.png
3,3.92.png
3,3.93.png
3,3.95.png
3,3.96.png
3,3.98.png
4,4.0.png
4,4.1.png
4,4.3.png
4,4.4.png
4,4.6.png
4,4.9.png
4,4.11.png
4,4.12.png
4,4.14.png
4,4.17.png
4,4.20.png
4,4.21.png
4,4.22.png
4,4.23.png
4,4.25.png
4,4.26.png
4,4.27.png
4,4.30.png
4,4.31.png
4,4.32.png
4,4.33.png
4,4.34.png
4,4.36.png
4,4.37.png
4,4.38.png
4,4.39.png
4,4.40.png
4,4.41.png
4,4.44.png
4,4.46.png
4,4.47.png
4,4.48.png
4,4.49.png
4,4.50.png
4,4.54.png
4,4.57.png
4,4.60.png
4,4.61.png
4,4.62.png
4,4.63.png
4,4.66.png
4,4.67.png
4,4.68.png
4,4.69.png
4,4.70.png
4,4.71.png
4,4.72.png
4,4.76.png
4,4.77.png
4,4.78.png
4,4.79.png
4,4.80.png
4,4.81.png
4,4.82.png
4,4.84.png
4,4.85.png
4,4.86.png
4,4.88.png
4,4.89.png
4,4.90.png
4,4.91.png
4,4.92.png
4,4.93.png
4,4.94.png
4,4.95.png
4,4.96.png
4,4.97.png
4,4.98.png
5,5.1.png
5,5.3.png
5,5.4.png
5,5.5.png
5,5.6.png
5,5.7.png
5,5.9.png
5,5.10.png
5,5.11.png
5,5.12.png
5,5.13.png
5,5.14.png
5,5.15.png
5,5.16.png
5,5.17.png
5,5.18.png
5,5.20.png
5,5.22.png
5,5.23.png
5,5.24.png
5,5.29.png
5,5.31.png
5,5.32.png
5,5.34.png
5,5.35.png
5,5.36.png
5,5.37.png
5,5.38.png
5,5.40.png
5,5.41.png
5,5.44.png
5,5.45.png
5,5.46.png
5,5.47.png
5,5.48.png
5,5.49.png
5,5.50.png
5,5.53.png
5,5.55.png
5,5.58.png
5,5.59.png
5,5.60.png
5,5.61.png
5,5.62.png
5,5.64.png
5,5.68.png
5,5.72.png
5,5.73.png
5,5.74.png
5,5.76.png
5,5.77.png
5,5.78.png
5,5.80.png
5,5.81.png
5,5.82.png
5,5.83.png
5,5.85.png
5,5.86.png
5,5.87.png
5,5.88.png
5,5.89.png
5,5.91.png
5,5.92.png
5,5.93.png
5,5.94.png
5,5.96.png
5,5.97.png
6,6.0.png
6,6.1.png
6,6.3.png
6,6.4.png
6,6.6.png
6,6.7.png
6,6.8.png
6,6.9.png
6,6.11.png
6,6.13.png
6,6.15.png
6,6.16.png
6,6.17.png
6,6.19.png
6,6.21.png
6,6.22.png
6,6.23.png
6,6.24.png
6,6.25.png
6,6.26.png
6,6.27.png
6,6.28.png
6,6.29.png
6,6.30.png
6,6.31.png
6,6.32.png
6,6.33.png
6,6.36.png
6,6.37.png
6,6.38.png
6,6.39.png
6,6.40.png
6,6.41.png
6,6.42.png
6,6.44.png
6,6.46.png
6,6.49.png
6,6.50.png
6,6.52.png
6,6.53.png
6,6.56.png
6,6.57.png
6,6.60.png
6,6.62.png
6,6.63.png
6,6.66.png
6,6.69.png
6,6.71.png
6,6.72.png
6,6.73.png
6,6.74.png
6,6.79.png
6,6.81.png
6,6.83.png
6,6.84.png
6,6.85.png
6,6.87.png
6,6.90.png
6,6.91.png
6,6.92.png
6,6.93.png
6,6.94.png
6,6.95.png
6,6.99.png
7,7.0.png
7,7.1.png
7,7.2.png
7,7.3.png
7,7.4.png
7,7.5.png
7,7.7.png
7,7.8.png
7,7.10.png
7,7.11.png
7,7.14.png
7,7.17.png
7,7.18.png
7,7.19.png
7,7.20.png
7,7.21.png
7,7.23.png
7,7.24.png
7,7.25.png
7,7.28.png
7,7.29.png
7,7.30.png
7,7.31.png
7,7.32.png
7,7.33.png
7,7.34.png
7,7.36.png
7,7.37.png
7,7.38.png
7,7.40.png
7,7.42.png
7,7.44.png
7,7.45.png
7,7.46.png
7,7.47.png
7,7.48.png
7,7.51.png
7,7.53.png
7,7.54.png
7,7.55.png
7,7.57.png
7,7.58.png
7,7.62.png
7,7.63.png
7,7.64.png
7,7.65.png
7,7.66.png
7,7.67.png
7,7.69.png
7,7.71.png
7,7.72.png
7,7.73.png
7,7.75.png
7,7.76.png
7,7.77.png
7,7.78.png
7,7.80.png
7,7.81.png
7,7.82.png
7,7.84.png
7,7.85.png
7,7.87.png
7,7.88.png
7,7.90.png
7,7.93.png
7,7.94.png
7,7.95.png
7,7.96.png
7,7.97.png
7,7.98.png
7,7.99.png
8,8.1.png
8,8.3.png
8,8.4.png
8,8.5.png
8,8.6.png
8,8.9.png
8,8.10.png
8,8.12.png
8,8.13.png
8,8.14.png
8,8.15.png
8,8.17.png
8,8.19.png
8,8.20.png
8,8.21.png
8,8.23.png
8,8.25.png
8,8.26.png
8,8.27.png
8,8.28.png
8,8.30.png
8,8.31.png
8,8.34.png
8,8.35.png
8,8.37.png
8,8.38.png
8,8.39.png
8,8.43.png
8,8.44.png
8,8.45.png
8,8.46.png
8,8.47.png
8,8.48.png
8,8.50.png
8,8.51.png
8,8.52.png
8,8.53.png
8,8.54.png
8,8.55.png
8,8.56.png
8,8.57.png
8,8.58.png
8,8.59.png
8,8.60.png
8,8.61.png
8,8.64.png
8,8.65.png
8,8.66.png
8,8.68.png
8,8.69.png
8,8.70.png
8,8.74.png
8,8.75.png
8,8.76.png
8,8.77.png
8,8.78.png
8,8.80.png
8,8.82.png
8,8.83.png
8,8.84.png
8,8.85.png
8,8.86.png
8,8.88.png
8,8.90.png
8,8.92.png
8,8.94.png
8,8.95.png
8,8.96.png
8,8.97.png
8,8.98.png
8,8.99.png
